,Player Name,Team,Opponent,Venue,Difficulty,Gameweek,Kickoff Time
0,Xhaka,Arsenal,Wolves,Home,2,38,2023-05-28T15:30:00Z
1,Elneny,Arsenal,Wolves,Home,2,38,2023-05-28T15:30:00Z
2,Holding,Arsenal,Wolves,Home,2,38,2023-05-28T15:30:00Z
3,Partey,Arsenal,Wolves,Home,2,38,2023-05-28T15:30:00Z
4,Ødegaard,Arsenal,Wolves,Home,2,38,2023-05-28T15:30:00Z
5,Tierney,Arsenal,Wolves,Home,2,38,2023-05-28T15:30:00Z
6,Pépé,Arsenal,Wolves,Home,2,38,2023-05-28T15:30:00Z
7,White,Arsenal,Wolves,Home,2,38,2023-05-28T15:30:00Z
8,Nketiah,Arsenal,Wolves,Home,2,38,2023-05-28T15:30:00Z
9,Smith Rowe,Arsenal,Wolves,Home,2,38,2023-05-28T15:30:00Z
10,Saka,Arsenal,Wolves,Home,2,38,2023-05-28T15:30:00Z
11,Tomiyasu,Arsenal,Wolves,Home,2,38,2023-05-28T15:30:00Z
12,Ramsdale,Arsenal,Wolves,Home,2,38,2023-05-28T15:30:00Z
13,Gabriel,Arsenal,Wolves,Home,2,38,2023-05-28T15:30:00Z
14,Tavares,Arsenal,Wolves,Home,2,38,2023-05-28T15:30:00Z
15,Martinelli,Arsenal,Wolves,Home,2,38,2023-05-28T15:30:00Z
16,Pablo Marí,Arsenal,Wolves,Home,2,38,2023-05-28T15:30:00Z
17,Torreira,Arsenal,Wolves,Home,2,38,2023-05-28T15:30:00Z
18,Nelson,Arsenal,Wolves,Home,2,38,2023-05-28T15:30:00Z
19,Turner,Arsenal,Wolves,Home,2,38,2023-05-28T15:30:00Z
20,Fábio Vieira,Arsenal,Wolves,Home,2,38,2023-05-28T15:30:00Z
21,Saliba,Arsenal,Wolves,Home,2,38,2023-05-28T15:30:00Z
22,Marquinhos,Arsenal,Wolves,Home,2,38,2023-05-28T15:30:00Z
23,Jesus,Arsenal,Wolves,Home,2,38,2023-05-28T15:30:00Z
24,Trossard,Arsenal,Wolves,Home,2,38,2023-05-28T15:30:00Z
25,Jorginho,Arsenal,Wolves,Home,2,38,2023-05-28T15:30:00Z
26,Zinchenko,Arsenal,Wolves,Home,2,38,2023-05-28T15:30:00Z
27,Smith,Arsenal,Wolves,Home,2,38,2023-05-28T15:30:00Z
28,Nwaneri,Arsenal,Wolves,Home,2,38,2023-05-28T15:30:00Z
29,Sousa,Arsenal,Wolves,Home,2,38,2023-05-28T15:30:00Z
30,Hein,Arsenal,Wolves,Home,2,38,2023-05-28T15:30:00Z
31,Cozier-Duberry,Arsenal,Wolves,Home,2,38,2023-05-28T15:30:00Z
32,Butler-Oyedeji,Arsenal,Wolves,Home,2,38,2023-05-28T15:30:00Z
33,Kiwior,Arsenal,Wolves,Home,2,38,2023-05-28T15:30:00Z
34,Walters,Arsenal,Wolves,Home,2,38,2023-05-28T15:30:00Z
35,Bandeira,Arsenal,Wolves,Home,2,38,2023-05-28T15:30:00Z
1296,Coutinho,Aston Villa,Brighton,Home,3,38,2023-05-28T15:30:00Z
1297,Martínez,Aston Villa,Brighton,Home,3,38,2023-05-28T15:30:00Z
1298,Chambers,Aston Villa,Brighton,Home,3,38,2023-05-28T15:30:00Z
1299,Digne,Aston Villa,Brighton,Home,3,38,2023-05-28T15:30:00Z
1300,Traoré,Aston Villa,Brighton,Home,3,38,2023-05-28T15:30:00Z
1301,Olsen,Aston Villa,Brighton,Home,3,38,2023-05-28T15:30:00Z
1302,Sanson,Aston Villa,Brighton,Home,3,38,2023-05-28T15:30:00Z
1303,McGinn,Aston Villa,Brighton,Home,3,38,2023-05-28T15:30:00Z
1304,Hause,Aston Villa,Brighton,Home,3,38,2023-05-28T15:30:00Z
1305,Mings,Aston Villa,Brighton,Home,3,38,2023-05-28T15:30:00Z
1306,Watkins,Aston Villa,Brighton,Home,3,38,2023-05-28T15:30:00Z
1307,Nakamba,Aston Villa,Brighton,Home,3,38,2023-05-28T15:30:00Z
1308,Buendía,Aston Villa,Brighton,Home,3,38,2023-05-28T15:30:00Z
1309,Cash,Aston Villa,Brighton,Home,3,38,2023-05-28T15:30:00Z
1310,Konsa,Aston Villa,Brighton,Home,3,38,2023-05-28T15:30:00Z
1311,Bailey,Aston Villa,Brighton,Home,3,38,2023-05-28T15:30:00Z
1312,Douglas Luiz,Aston Villa,Brighton,Home,3,38,2023-05-28T15:30:00Z
1313,Ramsey,Aston Villa,Brighton,Home,3,38,2023-05-28T15:30:00Z
1314,Iroegbunam,Aston Villa,Brighton,Home,3,38,2023-05-28T15:30:00Z
1315,Diego Carlos,Aston Villa,Brighton,Home,3,38,2023-05-28T15:30:00Z
1316,El Ghazi,Aston Villa,Brighton,Home,3,38,2023-05-28T15:30:00Z
1317,Davis,Aston Villa,Brighton,Home,3,38,2023-05-28T15:30:00Z
1318,Kamara,Aston Villa,Brighton,Home,3,38,2023-05-28T15:30:00Z
1319,Archer,Aston Villa,Brighton,Home,3,38,2023-05-28T15:30:00Z
1320,Philogene-Bidace,Aston Villa,Brighton,Home,3,38,2023-05-28T15:30:00Z
1321,Guilbert,Aston Villa,Brighton,Home,3,38,2023-05-28T15:30:00Z
1322,Dendoncker,Aston Villa,Brighton,Home,3,38,2023-05-28T15:30:00Z
1323,Augustinsson,Aston Villa,Brighton,Home,3,38,2023-05-28T15:30:00Z
1324,Kesler Hayden,Aston Villa,Brighton,Home,3,38,2023-05-28T15:30:00Z
1325,Young,Aston Villa,Brighton,Home,3,38,2023-05-28T15:30:00Z
1326,Bogarde,Aston Villa,Brighton,Home,3,38,2023-05-28T15:30:00Z
1327,Marschall,Aston Villa,Brighton,Home,3,38,2023-05-28T15:30:00Z
1328,Kadan Young,Aston Villa,Brighton,Home,3,38,2023-05-28T15:30:00Z
1329,Álex Moreno,Aston Villa,Brighton,Home,3,38,2023-05-28T15:30:00Z
1330,Sinisalo,Aston Villa,Brighton,Home,3,38,2023-05-28T15:30:00Z
1331,Durán,Aston Villa,Brighton,Home,3,38,2023-05-28T15:30:00Z
1332,Swinkels,Aston Villa,Brighton,Home,3,38,2023-05-28T15:30:00Z
1333,Zych,Aston Villa,Brighton,Home,3,38,2023-05-28T15:30:00Z
1334,Wright,Aston Villa,Brighton,Home,3,38,2023-05-28T15:30:00Z
1335,Revan,Aston Villa,Brighton,Home,3,38,2023-05-28T15:30:00Z
1336,Patterson,Aston Villa,Brighton,Home,3,38,2023-05-28T15:30:00Z
1337,O'Reilly,Aston Villa,Brighton,Home,3,38,2023-05-28T15:30:00Z
3060,Smith,Bournemouth,Everton,Away,2,38,2023-05-28T15:30:00Z
3061,Stanislas,Bournemouth,Everton,Away,2,38,2023-05-28T15:30:00Z
3062,Fredericks,Bournemouth,Everton,Away,2,38,2023-05-28T15:30:00Z
3063,Brooks,Bournemouth,Everton,Away,2,38,2023-05-28T15:30:00Z
3064,Lowe,Bournemouth,Everton,Away,2,38,2023-05-28T15:30:00Z
3065,Moore,Bournemouth,Everton,Away,2,38,2023-05-28T15:30:00Z
3066,Marcondes,Bournemouth,Everton,Away,2,38,2023-05-28T15:30:00Z
3067,Lerma,Bournemouth,Everton,Away,2,38,2023-05-28T15:30:00Z
3068,Stacey,Bournemouth,Everton,Away,2,38,2023-05-28T15:30:00Z
3069,Solanke,Bournemouth,Everton,Away,2,38,2023-05-28T15:30:00Z
3070,Cook,Bournemouth,Everton,Away,2,38,2023-05-28T15:30:00Z
3071,Pearson,Bournemouth,Everton,Away,2,38,2023-05-28T15:30:00Z
3072,Christie,Bournemouth,Everton,Away,2,38,2023-05-28T15:30:00Z
3073,Billing,Bournemouth,Everton,Away,2,38,2023-05-28T15:30:00Z
3074,Mepham,Bournemouth,Everton,Away,2,38,2023-05-28T15:30:00Z
3075,Travers,Bournemouth,Everton,Away,2,38,2023-05-28T15:30:00Z
3076,Kelly,Bournemouth,Everton,Away,2,38,2023-05-28T15:30:00Z
3077,Dembélé,Bournemouth,Everton,Away,2,38,2023-05-28T15:30:00Z
3078,Anthony,Bournemouth,Everton,Away,2,38,2023-05-28T15:30:00Z
3079,Zemura,Bournemouth,Everton,Away,2,38,2023-05-28T15:30:00Z
3080,Dennis,Bournemouth,Everton,Away,2,38,2023-05-28T15:30:00Z
3081,Stephens,Bournemouth,Everton,Away,2,38,2023-05-28T15:30:00Z
3082,Rothwell,Bournemouth,Everton,Away,2,38,2023-05-28T15:30:00Z
3083,Tavernier,Bournemouth,Everton,Away,2,38,2023-05-28T15:30:00Z
3084,Hill,Bournemouth,Everton,Away,2,38,2023-05-28T15:30:00Z
3085,Randolph,Bournemouth,Everton,Away,2,38,2023-05-28T15:30:00Z
3086,Neto,Bournemouth,Everton,Away,2,38,2023-05-28T15:30:00Z
3087,Senesi,Bournemouth,Everton,Away,2,38,2023-05-28T15:30:00Z
3088,Saydee,Bournemouth,Everton,Away,2,38,2023-05-28T15:30:00Z
3089,Bevan,Bournemouth,Everton,Away,2,38,2023-05-28T15:30:00Z
3090,Plain,Bournemouth,Everton,Away,2,38,2023-05-28T15:30:00Z
3091,Adu-Adjei,Bournemouth,Everton,Away,2,38,2023-05-28T15:30:00Z
3092,Dacosta Gonzalez,Bournemouth,Everton,Away,2,38,2023-05-28T15:30:00Z
3093,Sadi,Bournemouth,Everton,Away,2,38,2023-05-28T15:30:00Z
3094,Ouattara,Bournemouth,Everton,Away,2,38,2023-05-28T15:30:00Z
3095,Pollock,Bournemouth,Everton,Away,2,38,2023-05-28T15:30:00Z
3096,Semenyo,Bournemouth,Everton,Away,2,38,2023-05-28T15:30:00Z
3097,Viña,Bournemouth,Everton,Away,2,38,2023-05-28T15:30:00Z
3098,Zabarnyi,Bournemouth,Everton,Away,2,38,2023-05-28T15:30:00Z
3099,H.Traorè,Bournemouth,Everton,Away,2,38,2023-05-28T15:30:00Z
3100,Greenwood,Bournemouth,Everton,Away,2,38,2023-05-28T15:30:00Z
3101,Kinsey-Wellings,Bournemouth,Everton,Away,2,38,2023-05-28T15:30:00Z
4824,Jansson,Brentford,Man City,Home,5,38,2023-05-28T15:30:00Z
4825,Nørgaard,Brentford,Man City,Home,5,38,2023-05-28T15:30:00Z
4826,Toney,Brentford,Man City,Home,5,38,2023-05-28T15:30:00Z
4827,Raya,Brentford,Man City,Home,5,38,2023-05-28T15:30:00Z
4828,Canós,Brentford,Man City,Home,5,38,2023-05-28T15:30:00Z
4829,Dasilva,Brentford,Man City,Home,5,38,2023-05-28T15:30:00Z
4830,Ajer,Brentford,Man City,Home,5,38,2023-05-28T15:30:00Z
4831,Henry,Brentford,Man City,Home,5,38,2023-05-28T15:30:00Z
4832,Janelt,Brentford,Man City,Home,5,38,2023-05-28T15:30:00Z
4833,Ghoddos,Brentford,Man City,Home,5,38,2023-05-28T15:30:00Z
4834,Jensen,Brentford,Man City,Home,5,38,2023-05-28T15:30:00Z
4835,Wissa,Brentford,Man City,Home,5,38,2023-05-28T15:30:00Z
4836,Roerslev,Brentford,Man City,Home,5,38,2023-05-28T15:30:00Z
4837,Bech,Brentford,Man City,Home,5,38,2023-05-28T15:30:00Z
4838,Pinnock,Brentford,Man City,Home,5,38,2023-05-28T15:30:00Z
4839,Onyeka,Brentford,Man City,Home,5,38,2023-05-28T15:30:00Z
4840,Baptiste,Brentford,Man City,Home,5,38,2023-05-28T15:30:00Z
4841,Mbeumo,Brentford,Man City,Home,5,38,2023-05-28T15:30:00Z
4842,Goode,Brentford,Man City,Home,5,38,2023-05-28T15:30:00Z
4843,Forss,Brentford,Man City,Home,5,38,2023-05-28T15:30:00Z
4844,Thompson,Brentford,Man City,Home,5,38,2023-05-28T15:30:00Z
4845,Bidstrup,Brentford,Man City,Home,5,38,2023-05-28T15:30:00Z
4846,Balcombe,Brentford,Man City,Home,5,38,2023-05-28T15:30:00Z
4847,Hickey,Brentford,Man City,Home,5,38,2023-05-28T15:30:00Z
4848,Lewis-Potter,Brentford,Man City,Home,5,38,2023-05-28T15:30:00Z
4849,Strakosha,Brentford,Man City,Home,5,38,2023-05-28T15:30:00Z
4850,Mee,Brentford,Man City,Home,5,38,2023-05-28T15:30:00Z
4851,Stevens,Brentford,Man City,Home,5,38,2023-05-28T15:30:00Z
4852,Dervişoğlu,Brentford,Man City,Home,5,38,2023-05-28T15:30:00Z
4853,Damsgaard,Brentford,Man City,Home,5,38,2023-05-28T15:30:00Z
4854,Zanka,Brentford,Man City,Home,5,38,2023-05-28T15:30:00Z
4855,Trevitt,Brentford,Man City,Home,5,38,2023-05-28T15:30:00Z
4856,Cox,Brentford,Man City,Home,5,38,2023-05-28T15:30:00Z
4857,Crama,Brentford,Man City,Home,5,38,2023-05-28T15:30:00Z
4858,Yarmolyuk,Brentford,Man City,Home,5,38,2023-05-28T15:30:00Z
4859,Schade,Brentford,Man City,Home,5,38,2023-05-28T15:30:00Z
4860,Olakigbe,Brentford,Man City,Home,5,38,2023-05-28T15:30:00Z
6193,Lallana,Brighton,Man City,Home,5,37,2023-05-24T19:00:00Z
6194,Steele,Brighton,Man City,Home,5,37,2023-05-24T19:00:00Z
6195,Welbeck,Brighton,Man City,Home,5,37,2023-05-24T19:00:00Z
6196,Groß,Brighton,Man City,Home,5,37,2023-05-24T19:00:00Z
6197,Dunk,Brighton,Man City,Home,5,37,2023-05-24T19:00:00Z
6198,March,Brighton,Man City,Home,5,37,2023-05-24T19:00:00Z
6199,Webster,Brighton,Man City,Home,5,37,2023-05-24T19:00:00Z
6200,Veltman,Brighton,Man City,Home,5,37,2023-05-24T19:00:00Z
6201,Sánchez,Brighton,Man City,Home,5,37,2023-05-24T19:00:00Z
6202,Lamptey,Brighton,Man City,Home,5,37,2023-05-24T19:00:00Z
6203,Alzate,Brighton,Man City,Home,5,37,2023-05-24T19:00:00Z
6204,Mac Allister,Brighton,Man City,Home,5,37,2023-05-24T19:00:00Z
6205,Moder,Brighton,Man City,Home,5,37,2023-05-24T19:00:00Z
6206,Mwepu,Brighton,Man City,Home,5,37,2023-05-24T19:00:00Z
6207,Sarmiento,Brighton,Man City,Home,5,37,2023-05-24T19:00:00Z
6208,Caicedo,Brighton,Man City,Home,5,37,2023-05-24T19:00:00Z
6209,Richards,Brighton,Man City,Home,5,37,2023-05-24T19:00:00Z
6210,Roberts,Brighton,Man City,Home,5,37,2023-05-24T19:00:00Z
6211,Undav,Brighton,Man City,Home,5,37,2023-05-24T19:00:00Z
6212,Mitoma,Brighton,Man City,Home,5,37,2023-05-24T19:00:00Z
6213,Enciso,Brighton,Man City,Home,5,37,2023-05-24T19:00:00Z
6214,Kozłowski,Brighton,Man City,Home,5,37,2023-05-24T19:00:00Z
6215,Gilmour,Brighton,Man City,Home,5,37,2023-05-24T19:00:00Z
6216,Scherpen,Brighton,Man City,Home,5,37,2023-05-24T19:00:00Z
6217,Clarke,Brighton,Man City,Home,5,37,2023-05-24T19:00:00Z
6218,Van Hecke,Brighton,Man City,Home,5,37,2023-05-24T19:00:00Z
6219,Colwill,Brighton,Man City,Home,5,37,2023-05-24T19:00:00Z
6220,Estupiñán,Brighton,Man City,Home,5,37,2023-05-24T19:00:00Z
6221,Ferguson,Brighton,Man City,Home,5,37,2023-05-24T19:00:00Z
6222,Turns,Brighton,Man City,Home,5,37,2023-05-24T19:00:00Z
6223,Moran,Brighton,Man City,Home,5,37,2023-05-24T19:00:00Z
6224,Furlong,Brighton,Man City,Home,5,37,2023-05-24T19:00:00Z
6225,Hinshelwood,Brighton,Man City,Home,5,37,2023-05-24T19:00:00Z
6226,Buonanotte,Brighton,Man City,Home,5,37,2023-05-24T19:00:00Z
6227,Ayari,Brighton,Man City,Home,5,37,2023-05-24T19:00:00Z
6228,Offiah,Brighton,Man City,Home,5,37,2023-05-24T19:00:00Z
6229,McGill,Brighton,Man City,Home,5,37,2023-05-24T19:00:00Z
6230,Peupion,Brighton,Man City,Home,5,37,2023-05-24T19:00:00Z
6231,Samuels,Brighton,Man City,Home,5,37,2023-05-24T19:00:00Z
6232,Lallana,Brighton,Aston Villa,Away,2,38,2023-05-28T15:30:00Z
6233,Steele,Brighton,Aston Villa,Away,2,38,2023-05-28T15:30:00Z
6234,Welbeck,Brighton,Aston Villa,Away,2,38,2023-05-28T15:30:00Z
6235,Groß,Brighton,Aston Villa,Away,2,38,2023-05-28T15:30:00Z
6236,Dunk,Brighton,Aston Villa,Away,2,38,2023-05-28T15:30:00Z
6237,March,Brighton,Aston Villa,Away,2,38,2023-05-28T15:30:00Z
6238,Webster,Brighton,Aston Villa,Away,2,38,2023-05-28T15:30:00Z
6239,Veltman,Brighton,Aston Villa,Away,2,38,2023-05-28T15:30:00Z
6240,Sánchez,Brighton,Aston Villa,Away,2,38,2023-05-28T15:30:00Z
6241,Lamptey,Brighton,Aston Villa,Away,2,38,2023-05-28T15:30:00Z
6242,Alzate,Brighton,Aston Villa,Away,2,38,2023-05-28T15:30:00Z
6243,Mac Allister,Brighton,Aston Villa,Away,2,38,2023-05-28T15:30:00Z
6244,Moder,Brighton,Aston Villa,Away,2,38,2023-05-28T15:30:00Z
6245,Mwepu,Brighton,Aston Villa,Away,2,38,2023-05-28T15:30:00Z
6246,Sarmiento,Brighton,Aston Villa,Away,2,38,2023-05-28T15:30:00Z
6247,Caicedo,Brighton,Aston Villa,Away,2,38,2023-05-28T15:30:00Z
6248,Richards,Brighton,Aston Villa,Away,2,38,2023-05-28T15:30:00Z
6249,Roberts,Brighton,Aston Villa,Away,2,38,2023-05-28T15:30:00Z
6250,Undav,Brighton,Aston Villa,Away,2,38,2023-05-28T15:30:00Z
6251,Mitoma,Brighton,Aston Villa,Away,2,38,2023-05-28T15:30:00Z
6252,Enciso,Brighton,Aston Villa,Away,2,38,2023-05-28T15:30:00Z
6253,Kozłowski,Brighton,Aston Villa,Away,2,38,2023-05-28T15:30:00Z
6254,Gilmour,Brighton,Aston Villa,Away,2,38,2023-05-28T15:30:00Z
6255,Scherpen,Brighton,Aston Villa,Away,2,38,2023-05-28T15:30:00Z
6256,Clarke,Brighton,Aston Villa,Away,2,38,2023-05-28T15:30:00Z
6257,Van Hecke,Brighton,Aston Villa,Away,2,38,2023-05-28T15:30:00Z
6258,Colwill,Brighton,Aston Villa,Away,2,38,2023-05-28T15:30:00Z
6259,Estupiñán,Brighton,Aston Villa,Away,2,38,2023-05-28T15:30:00Z
6260,Ferguson,Brighton,Aston Villa,Away,2,38,2023-05-28T15:30:00Z
6261,Turns,Brighton,Aston Villa,Away,2,38,2023-05-28T15:30:00Z
6262,Moran,Brighton,Aston Villa,Away,2,38,2023-05-28T15:30:00Z
6263,Furlong,Brighton,Aston Villa,Away,2,38,2023-05-28T15:30:00Z
6264,Hinshelwood,Brighton,Aston Villa,Away,2,38,2023-05-28T15:30:00Z
6265,Buonanotte,Brighton,Aston Villa,Away,2,38,2023-05-28T15:30:00Z
6266,Ayari,Brighton,Aston Villa,Away,2,38,2023-05-28T15:30:00Z
6267,Offiah,Brighton,Aston Villa,Away,2,38,2023-05-28T15:30:00Z
6268,McGill,Brighton,Aston Villa,Away,2,38,2023-05-28T15:30:00Z
6269,Peupion,Brighton,Aston Villa,Away,2,38,2023-05-28T15:30:00Z
6270,Samuels,Brighton,Aston Villa,Away,2,38,2023-05-28T15:30:00Z
9235,Chukwuemeka,Chelsea,Man Utd,Away,4,37,2023-05-25T19:00:00Z
9236,Cucurella,Chelsea,Man Utd,Away,4,37,2023-05-25T19:00:00Z
9237,Azpilicueta,Chelsea,Man Utd,Away,4,37,2023-05-25T19:00:00Z
9238,Thiago Silva,Chelsea,Man Utd,Away,4,37,2023-05-25T19:00:00Z
9239,Alonso,Chelsea,Man Utd,Away,4,37,2023-05-25T19:00:00Z
9240,Barkley,Chelsea,Man Utd,Away,4,37,2023-05-25T19:00:00Z
9241,Kovacic,Chelsea,Man Utd,Away,4,37,2023-05-25T19:00:00Z
9242,Arrizabalaga,Chelsea,Man Utd,Away,4,37,2023-05-25T19:00:00Z
9243,Kanté,Chelsea,Man Utd,Away,4,37,2023-05-25T19:00:00Z
9244,Ziyech,Chelsea,Man Utd,Away,4,37,2023-05-25T19:00:00Z
9245,Loftus-Cheek,Chelsea,Man Utd,Away,4,37,2023-05-25T19:00:00Z
9246,Werner,Chelsea,Man Utd,Away,4,37,2023-05-25T19:00:00Z
9247,Kenedy,Chelsea,Man Utd,Away,4,37,2023-05-25T19:00:00Z
9248,Chilwell,Chelsea,Man Utd,Away,4,37,2023-05-25T19:00:00Z
9249,Pulisic,Chelsea,Man Utd,Away,4,37,2023-05-25T19:00:00Z
9250,Chalobah,Chelsea,Man Utd,Away,4,37,2023-05-25T19:00:00Z
9251,Mount,Chelsea,Man Utd,Away,4,37,2023-05-25T19:00:00Z
9252,Sarr,Chelsea,Man Utd,Away,4,37,2023-05-25T19:00:00Z
9253,Hudson-Odoi,Chelsea,Man Utd,Away,4,37,2023-05-25T19:00:00Z
9254,Havertz,Chelsea,Man Utd,Away,4,37,2023-05-25T19:00:00Z
9255,James,Chelsea,Man Utd,Away,4,37,2023-05-25T19:00:00Z
9256,Mendy,Chelsea,Man Utd,Away,4,37,2023-05-25T19:00:00Z
9257,Gallagher,Chelsea,Man Utd,Away,4,37,2023-05-25T19:00:00Z
9258,Broja,Chelsea,Man Utd,Away,4,37,2023-05-25T19:00:00Z
9259,Ampadu,Chelsea,Man Utd,Away,4,37,2023-05-25T19:00:00Z
9260,W.Fofana,Chelsea,Man Utd,Away,4,37,2023-05-25T19:00:00Z
9261,Sterling,Chelsea,Man Utd,Away,4,37,2023-05-25T19:00:00Z
9262,Koulibaly,Chelsea,Man Utd,Away,4,37,2023-05-25T19:00:00Z
9263,Vale,Chelsea,Man Utd,Away,4,37,2023-05-25T19:00:00Z
9264,Zakaria,Chelsea,Man Utd,Away,4,37,2023-05-25T19:00:00Z
9265,Aubameyang,Chelsea,Man Utd,Away,4,37,2023-05-25T19:00:00Z
9266,Bettinelli,Chelsea,Man Utd,Away,4,37,2023-05-25T19:00:00Z
9267,Hutchinson,Chelsea,Man Utd,Away,4,37,2023-05-25T19:00:00Z
9268,Hall,Chelsea,Man Utd,Away,4,37,2023-05-25T19:00:00Z
9269,Humphreys,Chelsea,Man Utd,Away,4,37,2023-05-25T19:00:00Z
9270,D.D.Fofana,Chelsea,Man Utd,Away,4,37,2023-05-25T19:00:00Z
9271,Badiashile,Chelsea,Man Utd,Away,4,37,2023-05-25T19:00:00Z
9272,João Félix,Chelsea,Man Utd,Away,4,37,2023-05-25T19:00:00Z
9273,Mudryk,Chelsea,Man Utd,Away,4,37,2023-05-25T19:00:00Z
9274,Andrey Santos,Chelsea,Man Utd,Away,4,37,2023-05-25T19:00:00Z
9275,Madueke,Chelsea,Man Utd,Away,4,37,2023-05-25T19:00:00Z
9276,Enzo,Chelsea,Man Utd,Away,4,37,2023-05-25T19:00:00Z
9277,Wady,Chelsea,Man Utd,Away,4,37,2023-05-25T19:00:00Z
9278,Chukwuemeka,Chelsea,Newcastle,Home,3,38,2023-05-28T15:30:00Z
9279,Cucurella,Chelsea,Newcastle,Home,3,38,2023-05-28T15:30:00Z
9280,Azpilicueta,Chelsea,Newcastle,Home,3,38,2023-05-28T15:30:00Z
9281,Thiago Silva,Chelsea,Newcastle,Home,3,38,2023-05-28T15:30:00Z
9282,Alonso,Chelsea,Newcastle,Home,3,38,2023-05-28T15:30:00Z
9283,Barkley,Chelsea,Newcastle,Home,3,38,2023-05-28T15:30:00Z
9284,Kovacic,Chelsea,Newcastle,Home,3,38,2023-05-28T15:30:00Z
9285,Arrizabalaga,Chelsea,Newcastle,Home,3,38,2023-05-28T15:30:00Z
9286,Kanté,Chelsea,Newcastle,Home,3,38,2023-05-28T15:30:00Z
9287,Ziyech,Chelsea,Newcastle,Home,3,38,2023-05-28T15:30:00Z
9288,Loftus-Cheek,Chelsea,Newcastle,Home,3,38,2023-05-28T15:30:00Z
9289,Werner,Chelsea,Newcastle,Home,3,38,2023-05-28T15:30:00Z
9290,Kenedy,Chelsea,Newcastle,Home,3,38,2023-05-28T15:30:00Z
9291,Chilwell,Chelsea,Newcastle,Home,3,38,2023-05-28T15:30:00Z
9292,Pulisic,Chelsea,Newcastle,Home,3,38,2023-05-28T15:30:00Z
9293,Chalobah,Chelsea,Newcastle,Home,3,38,2023-05-28T15:30:00Z
9294,Mount,Chelsea,Newcastle,Home,3,38,2023-05-28T15:30:00Z
9295,Sarr,Chelsea,Newcastle,Home,3,38,2023-05-28T15:30:00Z
9296,Hudson-Odoi,Chelsea,Newcastle,Home,3,38,2023-05-28T15:30:00Z
9297,Havertz,Chelsea,Newcastle,Home,3,38,2023-05-28T15:30:00Z
9298,James,Chelsea,Newcastle,Home,3,38,2023-05-28T15:30:00Z
9299,Mendy,Chelsea,Newcastle,Home,3,38,2023-05-28T15:30:00Z
9300,Gallagher,Chelsea,Newcastle,Home,3,38,2023-05-28T15:30:00Z
9301,Broja,Chelsea,Newcastle,Home,3,38,2023-05-28T15:30:00Z
9302,Ampadu,Chelsea,Newcastle,Home,3,38,2023-05-28T15:30:00Z
9303,W.Fofana,Chelsea,Newcastle,Home,3,38,2023-05-28T15:30:00Z
9304,Sterling,Chelsea,Newcastle,Home,3,38,2023-05-28T15:30:00Z
9305,Koulibaly,Chelsea,Newcastle,Home,3,38,2023-05-28T15:30:00Z
9306,Vale,Chelsea,Newcastle,Home,3,38,2023-05-28T15:30:00Z
9307,Zakaria,Chelsea,Newcastle,Home,3,38,2023-05-28T15:30:00Z
9308,Aubameyang,Chelsea,Newcastle,Home,3,38,2023-05-28T15:30:00Z
9309,Bettinelli,Chelsea,Newcastle,Home,3,38,2023-05-28T15:30:00Z
9310,Hutchinson,Chelsea,Newcastle,Home,3,38,2023-05-28T15:30:00Z
9311,Hall,Chelsea,Newcastle,Home,3,38,2023-05-28T15:30:00Z
9312,Humphreys,Chelsea,Newcastle,Home,3,38,2023-05-28T15:30:00Z
9313,D.D.Fofana,Chelsea,Newcastle,Home,3,38,2023-05-28T15:30:00Z
9314,Badiashile,Chelsea,Newcastle,Home,3,38,2023-05-28T15:30:00Z
9315,João Félix,Chelsea,Newcastle,Home,3,38,2023-05-28T15:30:00Z
9316,Mudryk,Chelsea,Newcastle,Home,3,38,2023-05-28T15:30:00Z
9317,Andrey Santos,Chelsea,Newcastle,Home,3,38,2023-05-28T15:30:00Z
9318,Madueke,Chelsea,Newcastle,Home,3,38,2023-05-28T15:30:00Z
9319,Enzo,Chelsea,Newcastle,Home,3,38,2023-05-28T15:30:00Z
9320,Wady,Chelsea,Newcastle,Home,3,38,2023-05-28T15:30:00Z
12933,Sambi,Crystal Palace,Nott'm Forest,Home,2,38,2023-05-28T15:30:00Z
12934,Guaita,Crystal Palace,Nott'm Forest,Home,2,38,2023-05-28T15:30:00Z
12935,Tomkins,Crystal Palace,Nott'm Forest,Home,2,38,2023-05-28T15:30:00Z
12936,McArthur,Crystal Palace,Nott'm Forest,Home,2,38,2023-05-28T15:30:00Z
12937,Benteke,Crystal Palace,Nott'm Forest,Home,2,38,2023-05-28T15:30:00Z
12938,Ward,Crystal Palace,Nott'm Forest,Home,2,38,2023-05-28T15:30:00Z
12939,Clyne,Crystal Palace,Nott'm Forest,Home,2,38,2023-05-28T15:30:00Z
12940,Milivojevic,Crystal Palace,Nott'm Forest,Home,2,38,2023-05-28T15:30:00Z
12941,J.Ayew,Crystal Palace,Nott'm Forest,Home,2,38,2023-05-28T15:30:00Z
12942,Zaha,Crystal Palace,Nott'm Forest,Home,2,38,2023-05-28T15:30:00Z
12943,Schlupp,Crystal Palace,Nott'm Forest,Home,2,38,2023-05-28T15:30:00Z
12944,Hughes,Crystal Palace,Nott'm Forest,Home,2,38,2023-05-28T15:30:00Z
12945,Riedewald,Crystal Palace,Nott'm Forest,Home,2,38,2023-05-28T15:30:00Z
12946,Andersen,Crystal Palace,Nott'm Forest,Home,2,38,2023-05-28T15:30:00Z
12947,Edouard,Crystal Palace,Nott'm Forest,Home,2,38,2023-05-28T15:30:00Z
12948,Guéhi,Crystal Palace,Nott'm Forest,Home,2,38,2023-05-28T15:30:00Z
12949,Mateta,Crystal Palace,Nott'm Forest,Home,2,38,2023-05-28T15:30:00Z
12950,Eze,Crystal Palace,Nott'm Forest,Home,2,38,2023-05-28T15:30:00Z
12951,Mitchell,Crystal Palace,Nott'm Forest,Home,2,38,2023-05-28T15:30:00Z
12952,Olise,Crystal Palace,Nott'm Forest,Home,2,38,2023-05-28T15:30:00Z
12953,Rak-Sakyi,Crystal Palace,Nott'm Forest,Home,2,38,2023-05-28T15:30:00Z
12954,Ebiowei,Crystal Palace,Nott'm Forest,Home,2,38,2023-05-28T15:30:00Z
12955,Ferguson,Crystal Palace,Nott'm Forest,Home,2,38,2023-05-28T15:30:00Z
12956,Johnstone,Crystal Palace,Nott'm Forest,Home,2,38,2023-05-28T15:30:00Z
12957,Matthews,Crystal Palace,Nott'm Forest,Home,2,38,2023-05-28T15:30:00Z
12958,Plange,Crystal Palace,Nott'm Forest,Home,2,38,2023-05-28T15:30:00Z
12959,C.Doucouré,Crystal Palace,Nott'm Forest,Home,2,38,2023-05-28T15:30:00Z
12960,Richards,Crystal Palace,Nott'm Forest,Home,2,38,2023-05-28T15:30:00Z
12961,Whitworth,Crystal Palace,Nott'm Forest,Home,2,38,2023-05-28T15:30:00Z
12962,Rodney,Crystal Palace,Nott'm Forest,Home,2,38,2023-05-28T15:30:00Z
12963,Phillips,Crystal Palace,Nott'm Forest,Home,2,38,2023-05-28T15:30:00Z
12964,Gordon,Crystal Palace,Nott'm Forest,Home,2,38,2023-05-28T15:30:00Z
12965,Balmer,Crystal Palace,Nott'm Forest,Home,2,38,2023-05-28T15:30:00Z
12966,Goodman,Crystal Palace,Nott'm Forest,Home,2,38,2023-05-28T15:30:00Z
12967,Wells-Morrison,Crystal Palace,Nott'm Forest,Home,2,38,2023-05-28T15:30:00Z
12968,Ozoh,Crystal Palace,Nott'm Forest,Home,2,38,2023-05-28T15:30:00Z
12969,Ahamada,Crystal Palace,Nott'm Forest,Home,2,38,2023-05-28T15:30:00Z
12970,Adaramola,Crystal Palace,Nott'm Forest,Home,2,38,2023-05-28T15:30:00Z
14377,Maupay,Everton,Bournemouth,Home,2,38,2023-05-28T15:30:00Z
14378,Begović,Everton,Bournemouth,Home,2,38,2023-05-28T15:30:00Z
14379,Rondón,Everton,Bournemouth,Home,2,38,2023-05-28T15:30:00Z
14380,Coleman,Everton,Bournemouth,Home,2,38,2023-05-28T15:30:00Z
14381,Townsend,Everton,Bournemouth,Home,2,38,2023-05-28T15:30:00Z
14382,Keane,Everton,Bournemouth,Home,2,38,2023-05-28T15:30:00Z
14383,Dele,Everton,Bournemouth,Home,2,38,2023-05-28T15:30:00Z
14384,Pickford,Everton,Bournemouth,Home,2,38,2023-05-28T15:30:00Z
14385,Allan,Everton,Bournemouth,Home,2,38,2023-05-28T15:30:00Z
14386,André Gomes,Everton,Bournemouth,Home,2,38,2023-05-28T15:30:00Z
14387,A.Doucouré,Everton,Bournemouth,Home,2,38,2023-05-28T15:30:00Z
14388,Iwobi,Everton,Bournemouth,Home,2,38,2023-05-28T15:30:00Z
14389,Gbamin,Everton,Bournemouth,Home,2,38,2023-05-28T15:30:00Z
14390,Mina,Everton,Bournemouth,Home,2,38,2023-05-28T15:30:00Z
14391,Gray,Everton,Bournemouth,Home,2,38,2023-05-28T15:30:00Z
14392,Davies,Everton,Bournemouth,Home,2,38,2023-05-28T15:30:00Z
14393,Calvert-Lewin,Everton,Bournemouth,Home,2,38,2023-05-28T15:30:00Z
14394,Holgate,Everton,Bournemouth,Home,2,38,2023-05-28T15:30:00Z
14395,Godfrey,Everton,Bournemouth,Home,2,38,2023-05-28T15:30:00Z
14396,Mykolenko,Everton,Bournemouth,Home,2,38,2023-05-28T15:30:00Z
14397,Branthwaite,Everton,Bournemouth,Home,2,38,2023-05-28T15:30:00Z
14398,Patterson,Everton,Bournemouth,Home,2,38,2023-05-28T15:30:00Z
14399,Nkounkou,Everton,Bournemouth,Home,2,38,2023-05-28T15:30:00Z
14400,Tarkowski,Everton,Bournemouth,Home,2,38,2023-05-28T15:30:00Z
14401,Coady,Everton,Bournemouth,Home,2,38,2023-05-28T15:30:00Z
14402,Vinagre,Everton,Bournemouth,Home,2,38,2023-05-28T15:30:00Z
14403,McNeil,Everton,Bournemouth,Home,2,38,2023-05-28T15:30:00Z
14404,Mills,Everton,Bournemouth,Home,2,38,2023-05-28T15:30:00Z
14405,Warrington,Everton,Bournemouth,Home,2,38,2023-05-28T15:30:00Z
14406,Garner,Everton,Bournemouth,Home,2,38,2023-05-28T15:30:00Z
14407,Onana,Everton,Bournemouth,Home,2,38,2023-05-28T15:30:00Z
14408,Welch,Everton,Bournemouth,Home,2,38,2023-05-28T15:30:00Z
14409,Gueye,Everton,Bournemouth,Home,2,38,2023-05-28T15:30:00Z
14410,Jakupović,Everton,Bournemouth,Home,2,38,2023-05-28T15:30:00Z
14411,John,Everton,Bournemouth,Home,2,38,2023-05-28T15:30:00Z
14412,Cannon,Everton,Bournemouth,Home,2,38,2023-05-28T15:30:00Z
14413,Price,Everton,Bournemouth,Home,2,38,2023-05-28T15:30:00Z
14414,Simms,Everton,Bournemouth,Home,2,38,2023-05-28T15:30:00Z
14415,Samuels-Smith,Everton,Bournemouth,Home,2,38,2023-05-28T15:30:00Z
14416,Lonergan,Everton,Bournemouth,Home,2,38,2023-05-28T15:30:00Z
14417,McAllister,Everton,Bournemouth,Home,2,38,2023-05-28T15:30:00Z
16058,Cédric,Fulham,Man Utd,Away,4,38,2023-05-28T15:30:00Z
16059,Leno,Fulham,Man Utd,Away,4,38,2023-05-28T15:30:00Z
16060,Duffy,Fulham,Man Utd,Away,4,38,2023-05-28T15:30:00Z
16061,Cairney,Fulham,Man Utd,Away,4,38,2023-05-28T15:30:00Z
16062,Ream,Fulham,Man Utd,Away,4,38,2023-05-28T15:30:00Z
16063,Knockaert,Fulham,Man Utd,Away,4,38,2023-05-28T15:30:00Z
16064,Chalobah,Fulham,Man Utd,Away,4,38,2023-05-28T15:30:00Z
16065,Kebano,Fulham,Man Utd,Away,4,38,2023-05-28T15:30:00Z
16066,De Cordova-Reid,Fulham,Man Utd,Away,4,38,2023-05-28T15:30:00Z
16067,Bryan,Fulham,Man Utd,Away,4,38,2023-05-28T15:30:00Z
16068,Gazzaniga,Fulham,Man Utd,Away,4,38,2023-05-28T15:30:00Z
16069,Kongolo,Fulham,Man Utd,Away,4,38,2023-05-28T15:30:00Z
16070,Tosin,Fulham,Man Utd,Away,4,38,2023-05-28T15:30:00Z
16071,Mitrović,Fulham,Man Utd,Away,4,38,2023-05-28T15:30:00Z
16072,Reed,Fulham,Man Utd,Away,4,38,2023-05-28T15:30:00Z
16073,Wilson,Fulham,Man Utd,Away,4,38,2023-05-28T15:30:00Z
16074,Rodák,Fulham,Man Utd,Away,4,38,2023-05-28T15:30:00Z
16075,Cavaleiro,Fulham,Man Utd,Away,4,38,2023-05-28T15:30:00Z
16076,Tete,Fulham,Man Utd,Away,4,38,2023-05-28T15:30:00Z
16077,Onomah,Fulham,Man Utd,Away,4,38,2023-05-28T15:30:00Z
16078,Robinson,Fulham,Man Utd,Away,4,38,2023-05-28T15:30:00Z
16079,Muniz,Fulham,Man Utd,Away,4,38,2023-05-28T15:30:00Z
16080,Stansfield,Fulham,Man Utd,Away,4,38,2023-05-28T15:30:00Z
16081,Palhinha,Fulham,Man Utd,Away,4,38,2023-05-28T15:30:00Z
16082,James,Fulham,Man Utd,Away,4,38,2023-05-28T15:30:00Z
16083,Andreas,Fulham,Man Utd,Away,4,38,2023-05-28T15:30:00Z
16084,Diop,Fulham,Man Utd,Away,4,38,2023-05-28T15:30:00Z
16085,Francois,Fulham,Man Utd,Away,4,38,2023-05-28T15:30:00Z
16086,Mbabu,Fulham,Man Utd,Away,4,38,2023-05-28T15:30:00Z
16087,Harris,Fulham,Man Utd,Away,4,38,2023-05-28T15:30:00Z
16088,Solomon,Fulham,Man Utd,Away,4,38,2023-05-28T15:30:00Z
16089,Ablade,Fulham,Man Utd,Away,4,38,2023-05-28T15:30:00Z
16090,Kurzawa,Fulham,Man Utd,Away,4,38,2023-05-28T15:30:00Z
16091,Willian,Fulham,Man Utd,Away,4,38,2023-05-28T15:30:00Z
16092,Vinícius,Fulham,Man Utd,Away,4,38,2023-05-28T15:30:00Z
16093,Parkes,Fulham,Man Utd,Away,4,38,2023-05-28T15:30:00Z
16094,Godo,Fulham,Man Utd,Away,4,38,2023-05-28T15:30:00Z
16095,Sekularac,Fulham,Man Utd,Away,4,38,2023-05-28T15:30:00Z
16096,Lukic,Fulham,Man Utd,Away,4,38,2023-05-28T15:30:00Z
16097,Wickens,Fulham,Man Utd,Away,4,38,2023-05-28T15:30:00Z
16098,C.Robinson,Fulham,Man Utd,Away,4,38,2023-05-28T15:30:00Z
16099,Dibley-Dias,Fulham,Man Utd,Away,4,38,2023-05-28T15:30:00Z
17822,Schmeichel,Leicester,West Ham,Home,2,38,2023-05-28T15:30:00Z
17823,Evans,Leicester,West Ham,Home,2,38,2023-05-28T15:30:00Z
17824,Bertrand,Leicester,West Ham,Home,2,38,2023-05-28T15:30:00Z
17825,Albrighton,Leicester,West Ham,Home,2,38,2023-05-28T15:30:00Z
17826,Mendy,Leicester,West Ham,Home,2,38,2023-05-28T15:30:00Z
17827,Vestergaard,Leicester,West Ham,Home,2,38,2023-05-28T15:30:00Z
17828,Ward,Leicester,West Ham,Home,2,38,2023-05-28T15:30:00Z
17829,Vardy,Leicester,West Ham,Home,2,38,2023-05-28T15:30:00Z
17830,Ricardo,Leicester,West Ham,Home,2,38,2023-05-28T15:30:00Z
17831,Amartey,Leicester,West Ham,Home,2,38,2023-05-28T15:30:00Z
17832,Castagne,Leicester,West Ham,Home,2,38,2023-05-28T15:30:00Z
17833,Tielemans,Leicester,West Ham,Home,2,38,2023-05-28T15:30:00Z
17834,Pérez,Leicester,West Ham,Home,2,38,2023-05-28T15:30:00Z
17835,Maddison,Leicester,West Ham,Home,2,38,2023-05-28T15:30:00Z
17836,Iheanacho,Leicester,West Ham,Home,2,38,2023-05-28T15:30:00Z
17837,Choudhury,Leicester,West Ham,Home,2,38,2023-05-28T15:30:00Z
17838,Barnes,Leicester,West Ham,Home,2,38,2023-05-28T15:30:00Z
17839,Ndidi,Leicester,West Ham,Home,2,38,2023-05-28T15:30:00Z
17840,Dewsbury-Hall,Leicester,West Ham,Home,2,38,2023-05-28T15:30:00Z
17841,Söyüncü,Leicester,West Ham,Home,2,38,2023-05-28T15:30:00Z
17842,Justin,Leicester,West Ham,Home,2,38,2023-05-28T15:30:00Z
17843,Soumaré,Leicester,West Ham,Home,2,38,2023-05-28T15:30:00Z
17844,Thomas,Leicester,West Ham,Home,2,38,2023-05-28T15:30:00Z
17845,Daka,Leicester,West Ham,Home,2,38,2023-05-28T15:30:00Z
17846,Brunt,Leicester,West Ham,Home,2,38,2023-05-28T15:30:00Z
17847,Iversen,Leicester,West Ham,Home,2,38,2023-05-28T15:30:00Z
17848,Praet,Leicester,West Ham,Home,2,38,2023-05-28T15:30:00Z
17849,Smithies,Leicester,West Ham,Home,2,38,2023-05-28T15:30:00Z
17850,Faes,Leicester,West Ham,Home,2,38,2023-05-28T15:30:00Z
17851,Braybrooke,Leicester,West Ham,Home,2,38,2023-05-28T15:30:00Z
17852,Wormleighton,Leicester,West Ham,Home,2,38,2023-05-28T15:30:00Z
17853,McAteer,Leicester,West Ham,Home,2,38,2023-05-28T15:30:00Z
17854,Kristiansen,Leicester,West Ham,Home,2,38,2023-05-28T15:30:00Z
17855,Tetê,Leicester,West Ham,Home,2,38,2023-05-28T15:30:00Z
17856,Souttar,Leicester,West Ham,Home,2,38,2023-05-28T15:30:00Z
17857,Marçal-Madivadua,Leicester,West Ham,Home,2,38,2023-05-28T15:30:00Z
19118,Cooper,Leeds,Spurs,Home,3,38,2023-05-28T15:30:00Z
19119,Ayling,Leeds,Spurs,Home,3,38,2023-05-28T15:30:00Z
19120,Klich,Leeds,Spurs,Home,3,38,2023-05-28T15:30:00Z
19121,Forshaw,Leeds,Spurs,Home,3,38,2023-05-28T15:30:00Z
19122,Rodrigo,Leeds,Spurs,Home,3,38,2023-05-28T15:30:00Z
19123,Dallas,Leeds,Spurs,Home,3,38,2023-05-28T15:30:00Z
19124,Bamford,Leeds,Spurs,Home,3,38,2023-05-28T15:30:00Z
19125,Llorente,Leeds,Spurs,Home,3,38,2023-05-28T15:30:00Z
19126,Roberts,Leeds,Spurs,Home,3,38,2023-05-28T15:30:00Z
19127,Koch,Leeds,Spurs,Home,3,38,2023-05-28T15:30:00Z
19128,Raphinha,Leeds,Spurs,Home,3,38,2023-05-28T15:30:00Z
19129,Harrison,Leeds,Spurs,Home,3,38,2023-05-28T15:30:00Z
19130,Shackleton,Leeds,Spurs,Home,3,38,2023-05-28T15:30:00Z
19131,Struijk,Leeds,Spurs,Home,3,38,2023-05-28T15:30:00Z
19132,Klaesson,Leeds,Spurs,Home,3,38,2023-05-28T15:30:00Z
19133,Greenwood,Leeds,Spurs,Home,3,38,2023-05-28T15:30:00Z
19134,Meslier,Leeds,Spurs,Home,3,38,2023-05-28T15:30:00Z
19135,Firpo,Leeds,Spurs,Home,3,38,2023-05-28T15:30:00Z
19136,Summerville,Leeds,Spurs,Home,3,38,2023-05-28T15:30:00Z
19137,Bate,Leeds,Spurs,Home,3,38,2023-05-28T15:30:00Z
19138,Gelhardt,Leeds,Spurs,Home,3,38,2023-05-28T15:30:00Z
19139,Hjelde,Leeds,Spurs,Home,3,38,2023-05-28T15:30:00Z
19140,Kristensen,Leeds,Spurs,Home,3,38,2023-05-28T15:30:00Z
19141,Roca,Leeds,Spurs,Home,3,38,2023-05-28T15:30:00Z
19142,Aaronson,Leeds,Spurs,Home,3,38,2023-05-28T15:30:00Z
19143,Gyabi,Leeds,Spurs,Home,3,38,2023-05-28T15:30:00Z
19144,Adams,Leeds,Spurs,Home,3,38,2023-05-28T15:30:00Z
19145,Sinisterra,Leeds,Spurs,Home,3,38,2023-05-28T15:30:00Z
19146,Drameh,Leeds,Spurs,Home,3,38,2023-05-28T15:30:00Z
19147,Gray,Leeds,Spurs,Home,3,38,2023-05-28T15:30:00Z
19148,Robles,Leeds,Spurs,Home,3,38,2023-05-28T15:30:00Z
19149,Gnonto,Leeds,Spurs,Home,3,38,2023-05-28T15:30:00Z
19150,Mateo Joseph,Leeds,Spurs,Home,3,38,2023-05-28T15:30:00Z
19151,Perkins,Leeds,Spurs,Home,3,38,2023-05-28T15:30:00Z
19152,Wöber,Leeds,Spurs,Home,3,38,2023-05-28T15:30:00Z
19153,Rutter,Leeds,Spurs,Home,3,38,2023-05-28T15:30:00Z
19154,McKennie,Leeds,Spurs,Home,3,38,2023-05-28T15:30:00Z
19155,Chilokoa-Mullen,Leeds,Spurs,Home,3,38,2023-05-28T15:30:00Z
19156,Monteiro,Leeds,Spurs,Home,3,38,2023-05-28T15:30:00Z
20639,Milner,Liverpool,Southampton,Away,2,38,2023-05-28T15:30:00Z
20640,Henderson,Liverpool,Southampton,Away,2,38,2023-05-28T15:30:00Z
20641,Matip,Liverpool,Southampton,Away,2,38,2023-05-28T15:30:00Z
20642,Thiago,Liverpool,Southampton,Away,2,38,2023-05-28T15:30:00Z
20643,Chamberlain,Liverpool,Southampton,Away,2,38,2023-05-28T15:30:00Z
20644,Firmino,Liverpool,Southampton,Away,2,38,2023-05-28T15:30:00Z
20645,Van Dijk,Liverpool,Southampton,Away,2,38,2023-05-28T15:30:00Z
20646,Alisson,Liverpool,Southampton,Away,2,38,2023-05-28T15:30:00Z
20647,Fabinho,Liverpool,Southampton,Away,2,38,2023-05-28T15:30:00Z
20648,Salah,Liverpool,Southampton,Away,2,38,2023-05-28T15:30:00Z
20649,Robertson,Liverpool,Southampton,Away,2,38,2023-05-28T15:30:00Z
20650,Alexander-Arnold,Liverpool,Southampton,Away,2,38,2023-05-28T15:30:00Z
20651,Gomez,Liverpool,Southampton,Away,2,38,2023-05-28T15:30:00Z
20652,Keita,Liverpool,Southampton,Away,2,38,2023-05-28T15:30:00Z
20653,Diogo Jota,Liverpool,Southampton,Away,2,38,2023-05-28T15:30:00Z
20654,Kelleher,Liverpool,Southampton,Away,2,38,2023-05-28T15:30:00Z
20655,Konaté,Liverpool,Southampton,Away,2,38,2023-05-28T15:30:00Z
20656,Jones,Liverpool,Southampton,Away,2,38,2023-05-28T15:30:00Z
20657,Tsimikas,Liverpool,Southampton,Away,2,38,2023-05-28T15:30:00Z
20658,Luis Díaz,Liverpool,Southampton,Away,2,38,2023-05-28T15:30:00Z
20659,Elliott,Liverpool,Southampton,Away,2,38,2023-05-28T15:30:00Z
20660,Carvalho,Liverpool,Southampton,Away,2,38,2023-05-28T15:30:00Z
20661,Darwin,Liverpool,Southampton,Away,2,38,2023-05-28T15:30:00Z
20662,Ramsay,Liverpool,Southampton,Away,2,38,2023-05-28T15:30:00Z
20663,Adrián,Liverpool,Southampton,Away,2,38,2023-05-28T15:30:00Z
20664,R.Williams,Liverpool,Southampton,Away,2,38,2023-05-28T15:30:00Z
20665,Davies,Liverpool,Southampton,Away,2,38,2023-05-28T15:30:00Z
20666,Van den Berg,Liverpool,Southampton,Away,2,38,2023-05-28T15:30:00Z
20667,Phillips,Liverpool,Southampton,Away,2,38,2023-05-28T15:30:00Z
20668,Chambers,Liverpool,Southampton,Away,2,38,2023-05-28T15:30:00Z
20669,Bajcetic,Liverpool,Southampton,Away,2,38,2023-05-28T15:30:00Z
20670,Clark,Liverpool,Southampton,Away,2,38,2023-05-28T15:30:00Z
20671,H.Davies,Liverpool,Southampton,Away,2,38,2023-05-28T15:30:00Z
20672,Arthur,Liverpool,Southampton,Away,2,38,2023-05-28T15:30:00Z
20673,Doak,Liverpool,Southampton,Away,2,38,2023-05-28T15:30:00Z
20674,Gakpo,Liverpool,Southampton,Away,2,38,2023-05-28T15:30:00Z
21935,Walker,Man City,Brighton,Away,3,37,2023-05-24T19:00:00Z
21936,Gündogan,Man City,Brighton,Away,3,37,2023-05-24T19:00:00Z
21937,De Bruyne,Man City,Brighton,Away,3,37,2023-05-24T19:00:00Z
21938,Stones,Man City,Brighton,Away,3,37,2023-05-24T19:00:00Z
21939,Mahrez,Man City,Brighton,Away,3,37,2023-05-24T19:00:00Z
21940,Grealish,Man City,Brighton,Away,3,37,2023-05-24T19:00:00Z
21941,Cancelo,Man City,Brighton,Away,3,37,2023-05-24T19:00:00Z
21942,Ederson,Man City,Brighton,Away,3,37,2023-05-24T19:00:00Z
21943,Aké,Man City,Brighton,Away,3,37,2023-05-24T19:00:00Z
21944,Laporte,Man City,Brighton,Away,3,37,2023-05-24T19:00:00Z
21945,Steffen,Man City,Brighton,Away,3,37,2023-05-24T19:00:00Z
21946,Bernardo,Man City,Brighton,Away,3,37,2023-05-24T19:00:00Z
21947,Dias,Man City,Brighton,Away,3,37,2023-05-24T19:00:00Z
21948,Foden,Man City,Brighton,Away,3,37,2023-05-24T19:00:00Z
21949,Rodri,Man City,Brighton,Away,3,37,2023-05-24T19:00:00Z
21950,Palmer,Man City,Brighton,Away,3,37,2023-05-24T19:00:00Z
21951,McAtee,Man City,Brighton,Away,3,37,2023-05-24T19:00:00Z
21952,Haaland,Man City,Brighton,Away,3,37,2023-05-24T19:00:00Z
21953,Álvarez,Man City,Brighton,Away,3,37,2023-05-24T19:00:00Z
21954,Mbete,Man City,Brighton,Away,3,37,2023-05-24T19:00:00Z
21955,Wilson-Esbrand,Man City,Brighton,Away,3,37,2023-05-24T19:00:00Z
21956,Delap,Man City,Brighton,Away,3,37,2023-05-24T19:00:00Z
21957,Ortega,Man City,Brighton,Away,3,37,2023-05-24T19:00:00Z
21958,Phillips,Man City,Brighton,Away,3,37,2023-05-24T19:00:00Z
21959,Carson,Man City,Brighton,Away,3,37,2023-05-24T19:00:00Z
21960,Lewis,Man City,Brighton,Away,3,37,2023-05-24T19:00:00Z
21961,Sergio Gómez,Man City,Brighton,Away,3,37,2023-05-24T19:00:00Z
21962,Gomes,Man City,Brighton,Away,3,37,2023-05-24T19:00:00Z
21963,Knight,Man City,Brighton,Away,3,37,2023-05-24T19:00:00Z
21964,Akanji,Man City,Brighton,Away,3,37,2023-05-24T19:00:00Z
21965,Perrone,Man City,Brighton,Away,3,37,2023-05-24T19:00:00Z
21966,Walker,Man City,Brentford,Away,3,38,2023-05-28T15:30:00Z
21967,Gündogan,Man City,Brentford,Away,3,38,2023-05-28T15:30:00Z
21968,De Bruyne,Man City,Brentford,Away,3,38,2023-05-28T15:30:00Z
21969,Stones,Man City,Brentford,Away,3,38,2023-05-28T15:30:00Z
21970,Mahrez,Man City,Brentford,Away,3,38,2023-05-28T15:30:00Z
21971,Grealish,Man City,Brentford,Away,3,38,2023-05-28T15:30:00Z
21972,Cancelo,Man City,Brentford,Away,3,38,2023-05-28T15:30:00Z
21973,Ederson,Man City,Brentford,Away,3,38,2023-05-28T15:30:00Z
21974,Aké,Man City,Brentford,Away,3,38,2023-05-28T15:30:00Z
21975,Laporte,Man City,Brentford,Away,3,38,2023-05-28T15:30:00Z
21976,Steffen,Man City,Brentford,Away,3,38,2023-05-28T15:30:00Z
21977,Bernardo,Man City,Brentford,Away,3,38,2023-05-28T15:30:00Z
21978,Dias,Man City,Brentford,Away,3,38,2023-05-28T15:30:00Z
21979,Foden,Man City,Brentford,Away,3,38,2023-05-28T15:30:00Z
21980,Rodri,Man City,Brentford,Away,3,38,2023-05-28T15:30:00Z
21981,Palmer,Man City,Brentford,Away,3,38,2023-05-28T15:30:00Z
21982,McAtee,Man City,Brentford,Away,3,38,2023-05-28T15:30:00Z
21983,Haaland,Man City,Brentford,Away,3,38,2023-05-28T15:30:00Z
21984,Álvarez,Man City,Brentford,Away,3,38,2023-05-28T15:30:00Z
21985,Mbete,Man City,Brentford,Away,3,38,2023-05-28T15:30:00Z
21986,Wilson-Esbrand,Man City,Brentford,Away,3,38,2023-05-28T15:30:00Z
21987,Delap,Man City,Brentford,Away,3,38,2023-05-28T15:30:00Z
21988,Ortega,Man City,Brentford,Away,3,38,2023-05-28T15:30:00Z
21989,Phillips,Man City,Brentford,Away,3,38,2023-05-28T15:30:00Z
21990,Carson,Man City,Brentford,Away,3,38,2023-05-28T15:30:00Z
21991,Lewis,Man City,Brentford,Away,3,38,2023-05-28T15:30:00Z
21992,Sergio Gómez,Man City,Brentford,Away,3,38,2023-05-28T15:30:00Z
21993,Gomes,Man City,Brentford,Away,3,38,2023-05-28T15:30:00Z
21994,Knight,Man City,Brentford,Away,3,38,2023-05-28T15:30:00Z
21995,Akanji,Man City,Brentford,Away,3,38,2023-05-28T15:30:00Z
21996,Perrone,Man City,Brentford,Away,3,38,2023-05-28T15:30:00Z
23857,Butland,Man Utd,Chelsea,Home,3,37,2023-05-25T19:00:00Z
23858,Ronaldo,Man Utd,Chelsea,Home,3,37,2023-05-25T19:00:00Z
23859,De Gea,Man Utd,Chelsea,Home,3,37,2023-05-25T19:00:00Z
23860,Jones,Man Utd,Chelsea,Home,3,37,2023-05-25T19:00:00Z
23861,Varane,Man Utd,Chelsea,Home,3,37,2023-05-25T19:00:00Z
23862,Maguire,Man Utd,Chelsea,Home,3,37,2023-05-25T19:00:00Z
23863,Fred,Man Utd,Chelsea,Home,3,37,2023-05-25T19:00:00Z
23864,Shaw,Man Utd,Chelsea,Home,3,37,2023-05-25T19:00:00Z
23865,Fernandes,Man Utd,Chelsea,Home,3,37,2023-05-25T19:00:00Z
23866,Telles,Man Utd,Chelsea,Home,3,37,2023-05-25T19:00:00Z
23867,Rashford,Man Utd,Chelsea,Home,3,37,2023-05-25T19:00:00Z
23868,Van de Beek,Man Utd,Chelsea,Home,3,37,2023-05-25T19:00:00Z
23869,Lindelöf,Man Utd,Chelsea,Home,3,37,2023-05-25T19:00:00Z
23870,McTominay,Man Utd,Chelsea,Home,3,37,2023-05-25T19:00:00Z
23871,Bailly,Man Utd,Chelsea,Home,3,37,2023-05-25T19:00:00Z
23872,Sancho,Man Utd,Chelsea,Home,3,37,2023-05-25T19:00:00Z
23873,Wan-Bissaka,Man Utd,Chelsea,Home,3,37,2023-05-25T19:00:00Z
23874,Dalot,Man Utd,Chelsea,Home,3,37,2023-05-25T19:00:00Z
23875,B.Williams,Man Utd,Chelsea,Home,3,37,2023-05-25T19:00:00Z
23876,Elanga,Man Utd,Chelsea,Home,3,37,2023-05-25T19:00:00Z
23877,Martial,Man Utd,Chelsea,Home,3,37,2023-05-25T19:00:00Z
23878,Pellistri,Man Utd,Chelsea,Home,3,37,2023-05-25T19:00:00Z
23879,Heaton,Man Utd,Chelsea,Home,3,37,2023-05-25T19:00:00Z
23880,Malacia,Man Utd,Chelsea,Home,3,37,2023-05-25T19:00:00Z
23881,Eriksen,Man Utd,Chelsea,Home,3,37,2023-05-25T19:00:00Z
23882,Martínez,Man Utd,Chelsea,Home,3,37,2023-05-25T19:00:00Z
23883,Amad,Man Utd,Chelsea,Home,3,37,2023-05-25T19:00:00Z
23884,Iqbal,Man Utd,Chelsea,Home,3,37,2023-05-25T19:00:00Z
23885,Garnacho,Man Utd,Chelsea,Home,3,37,2023-05-25T19:00:00Z
23886,Casemiro,Man Utd,Chelsea,Home,3,37,2023-05-25T19:00:00Z
23887,Antony,Man Utd,Chelsea,Home,3,37,2023-05-25T19:00:00Z
23888,Kovár,Man Utd,Chelsea,Home,3,37,2023-05-25T19:00:00Z
23889,Mainoo,Man Utd,Chelsea,Home,3,37,2023-05-25T19:00:00Z
23890,Bishop,Man Utd,Chelsea,Home,3,37,2023-05-25T19:00:00Z
23891,Shoretire,Man Utd,Chelsea,Home,3,37,2023-05-25T19:00:00Z
23892,Bennett,Man Utd,Chelsea,Home,3,37,2023-05-25T19:00:00Z
23893,Weghorst,Man Utd,Chelsea,Home,3,37,2023-05-25T19:00:00Z
23894,Sabitzer,Man Utd,Chelsea,Home,3,37,2023-05-25T19:00:00Z
23895,Jurado,Man Utd,Chelsea,Home,3,37,2023-05-25T19:00:00Z
23896,Butland,Man Utd,Fulham,Home,2,38,2023-05-28T15:30:00Z
23897,Ronaldo,Man Utd,Fulham,Home,2,38,2023-05-28T15:30:00Z
23898,De Gea,Man Utd,Fulham,Home,2,38,2023-05-28T15:30:00Z
23899,Jones,Man Utd,Fulham,Home,2,38,2023-05-28T15:30:00Z
23900,Varane,Man Utd,Fulham,Home,2,38,2023-05-28T15:30:00Z
23901,Maguire,Man Utd,Fulham,Home,2,38,2023-05-28T15:30:00Z
23902,Fred,Man Utd,Fulham,Home,2,38,2023-05-28T15:30:00Z
23903,Shaw,Man Utd,Fulham,Home,2,38,2023-05-28T15:30:00Z
23904,Fernandes,Man Utd,Fulham,Home,2,38,2023-05-28T15:30:00Z
23905,Telles,Man Utd,Fulham,Home,2,38,2023-05-28T15:30:00Z
23906,Rashford,Man Utd,Fulham,Home,2,38,2023-05-28T15:30:00Z
23907,Van de Beek,Man Utd,Fulham,Home,2,38,2023-05-28T15:30:00Z
23908,Lindelöf,Man Utd,Fulham,Home,2,38,2023-05-28T15:30:00Z
23909,McTominay,Man Utd,Fulham,Home,2,38,2023-05-28T15:30:00Z
23910,Bailly,Man Utd,Fulham,Home,2,38,2023-05-28T15:30:00Z
23911,Sancho,Man Utd,Fulham,Home,2,38,2023-05-28T15:30:00Z
23912,Wan-Bissaka,Man Utd,Fulham,Home,2,38,2023-05-28T15:30:00Z
23913,Dalot,Man Utd,Fulham,Home,2,38,2023-05-28T15:30:00Z
23914,B.Williams,Man Utd,Fulham,Home,2,38,2023-05-28T15:30:00Z
23915,Elanga,Man Utd,Fulham,Home,2,38,2023-05-28T15:30:00Z
23916,Martial,Man Utd,Fulham,Home,2,38,2023-05-28T15:30:00Z
23917,Pellistri,Man Utd,Fulham,Home,2,38,2023-05-28T15:30:00Z
23918,Heaton,Man Utd,Fulham,Home,2,38,2023-05-28T15:30:00Z
23919,Malacia,Man Utd,Fulham,Home,2,38,2023-05-28T15:30:00Z
23920,Eriksen,Man Utd,Fulham,Home,2,38,2023-05-28T15:30:00Z
23921,Martínez,Man Utd,Fulham,Home,2,38,2023-05-28T15:30:00Z
23922,Amad,Man Utd,Fulham,Home,2,38,2023-05-28T15:30:00Z
23923,Iqbal,Man Utd,Fulham,Home,2,38,2023-05-28T15:30:00Z
23924,Garnacho,Man Utd,Fulham,Home,2,38,2023-05-28T15:30:00Z
23925,Casemiro,Man Utd,Fulham,Home,2,38,2023-05-28T15:30:00Z
23926,Antony,Man Utd,Fulham,Home,2,38,2023-05-28T15:30:00Z
23927,Kovár,Man Utd,Fulham,Home,2,38,2023-05-28T15:30:00Z
23928,Mainoo,Man Utd,Fulham,Home,2,38,2023-05-28T15:30:00Z
23929,Bishop,Man Utd,Fulham,Home,2,38,2023-05-28T15:30:00Z
23930,Shoretire,Man Utd,Fulham,Home,2,38,2023-05-28T15:30:00Z
23931,Bennett,Man Utd,Fulham,Home,2,38,2023-05-28T15:30:00Z
23932,Weghorst,Man Utd,Fulham,Home,2,38,2023-05-28T15:30:00Z
23933,Sabitzer,Man Utd,Fulham,Home,2,38,2023-05-28T15:30:00Z
23934,Jurado,Man Utd,Fulham,Home,2,38,2023-05-28T15:30:00Z
26899,Gordon,Newcastle,Chelsea,Away,4,38,2023-05-28T15:30:00Z
26900,Ritchie,Newcastle,Chelsea,Away,4,38,2023-05-28T15:30:00Z
26901,Fernández,Newcastle,Chelsea,Away,4,38,2023-05-28T15:30:00Z
26902,Clark,Newcastle,Chelsea,Away,4,38,2023-05-28T15:30:00Z
26903,Darlow,Newcastle,Chelsea,Away,4,38,2023-05-28T15:30:00Z
26904,Dubravka,Newcastle,Chelsea,Away,4,38,2023-05-28T15:30:00Z
26905,Wilson,Newcastle,Chelsea,Away,4,38,2023-05-28T15:30:00Z
26906,Trippier,Newcastle,Chelsea,Away,4,38,2023-05-28T15:30:00Z
26907,Burn,Newcastle,Chelsea,Away,4,38,2023-05-28T15:30:00Z
26908,Fraser,Newcastle,Chelsea,Away,4,38,2023-05-28T15:30:00Z
26909,Lascelles,Newcastle,Chelsea,Away,4,38,2023-05-28T15:30:00Z
26910,Gayle,Newcastle,Chelsea,Away,4,38,2023-05-28T15:30:00Z
26911,Dummett,Newcastle,Chelsea,Away,4,38,2023-05-28T15:30:00Z
26912,Manquillo,Newcastle,Chelsea,Away,4,38,2023-05-28T15:30:00Z
26913,Krafth,Newcastle,Chelsea,Away,4,38,2023-05-28T15:30:00Z
26914,Murphy,Newcastle,Chelsea,Away,4,38,2023-05-28T15:30:00Z
26915,Schär,Newcastle,Chelsea,Away,4,38,2023-05-28T15:30:00Z
26916,Targett,Newcastle,Chelsea,Away,4,38,2023-05-28T15:30:00Z
26917,Saint-Maximin,Newcastle,Chelsea,Away,4,38,2023-05-28T15:30:00Z
26918,Almirón,Newcastle,Chelsea,Away,4,38,2023-05-28T15:30:00Z
26919,S.Longstaff,Newcastle,Chelsea,Away,4,38,2023-05-28T15:30:00Z
26920,Joelinton,Newcastle,Chelsea,Away,4,38,2023-05-28T15:30:00Z
26921,Lewis,Newcastle,Chelsea,Away,4,38,2023-05-28T15:30:00Z
26922,Willock,Newcastle,Chelsea,Away,4,38,2023-05-28T15:30:00Z
26923,Bruno Guimarães,Newcastle,Chelsea,Away,4,38,2023-05-28T15:30:00Z
26924,Hendrick,Newcastle,Chelsea,Away,4,38,2023-05-28T15:30:00Z
26925,Pope,Newcastle,Chelsea,Away,4,38,2023-05-28T15:30:00Z
26926,Botman,Newcastle,Chelsea,Away,4,38,2023-05-28T15:30:00Z
26927,Anderson,Newcastle,Chelsea,Away,4,38,2023-05-28T15:30:00Z
26928,Ashby,Newcastle,Chelsea,Away,4,38,2023-05-28T15:30:00Z
26929,Isak,Newcastle,Chelsea,Away,4,38,2023-05-28T15:30:00Z
26930,Karius,Newcastle,Chelsea,Away,4,38,2023-05-28T15:30:00Z
26931,Kuol,Newcastle,Chelsea,Away,4,38,2023-05-28T15:30:00Z
26932,Miley,Newcastle,Chelsea,Away,4,38,2023-05-28T15:30:00Z
28055,N.Williams,Nott'm Forest,Crystal Palace,Away,2,38,2023-05-28T15:30:00Z
28056,Shelvey,Nott'm Forest,Crystal Palace,Away,2,38,2023-05-28T15:30:00Z
28057,Wood,Nott'm Forest,Crystal Palace,Away,2,38,2023-05-28T15:30:00Z
28058,Arter,Nott'm Forest,Crystal Palace,Away,2,38,2023-05-28T15:30:00Z
28059,Cook,Nott'm Forest,Crystal Palace,Away,2,38,2023-05-28T15:30:00Z
28060,Lyle Taylor,Nott'm Forest,Crystal Palace,Away,2,38,2023-05-28T15:30:00Z
28061,Colback,Nott'm Forest,Crystal Palace,Away,2,38,2023-05-28T15:30:00Z
28062,Samba,Nott'm Forest,Crystal Palace,Away,2,38,2023-05-28T15:30:00Z
28063,Cafú,Nott'm Forest,Crystal Palace,Away,2,38,2023-05-28T15:30:00Z
28064,Lolley,Nott'm Forest,Crystal Palace,Away,2,38,2023-05-28T15:30:00Z
28065,McKenna,Nott'm Forest,Crystal Palace,Away,2,38,2023-05-28T15:30:00Z
28066,Dräger,Nott'm Forest,Crystal Palace,Away,2,38,2023-05-28T15:30:00Z
28067,Yates,Nott'm Forest,Crystal Palace,Away,2,38,2023-05-28T15:30:00Z
28068,Worrall,Nott'm Forest,Crystal Palace,Away,2,38,2023-05-28T15:30:00Z
28069,Panzo,Nott'm Forest,Crystal Palace,Away,2,38,2023-05-28T15:30:00Z
28070,Xande Silva,Nott'm Forest,Crystal Palace,Away,2,38,2023-05-28T15:30:00Z
28071,Surridge,Nott'm Forest,Crystal Palace,Away,2,38,2023-05-28T15:30:00Z
28072,Laryea,Nott'm Forest,Crystal Palace,Away,2,38,2023-05-28T15:30:00Z
28073,Mbe Soh,Nott'm Forest,Crystal Palace,Away,2,38,2023-05-28T15:30:00Z
28074,Johnson,Nott'm Forest,Crystal Palace,Away,2,38,2023-05-28T15:30:00Z
28075,Mighten,Nott'm Forest,Crystal Palace,Away,2,38,2023-05-28T15:30:00Z
28076,Ojeda,Nott'm Forest,Crystal Palace,Away,2,38,2023-05-28T15:30:00Z
28077,Awoniyi,Nott'm Forest,Crystal Palace,Away,2,38,2023-05-28T15:30:00Z
28078,Henderson,Nott'm Forest,Crystal Palace,Away,2,38,2023-05-28T15:30:00Z
28079,Biancone,Nott'm Forest,Crystal Palace,Away,2,38,2023-05-28T15:30:00Z
28080,Boly,Nott'm Forest,Crystal Palace,Away,2,38,2023-05-28T15:30:00Z
28081,Gibbs-White,Nott'm Forest,Crystal Palace,Away,2,38,2023-05-28T15:30:00Z
28082,Niakhaté,Nott'm Forest,Crystal Palace,Away,2,38,2023-05-28T15:30:00Z
28083,Richards,Nott'm Forest,Crystal Palace,Away,2,38,2023-05-28T15:30:00Z
28084,Hennessey,Nott'm Forest,Crystal Palace,Away,2,38,2023-05-28T15:30:00Z
28085,Toffolo,Nott'm Forest,Crystal Palace,Away,2,38,2023-05-28T15:30:00Z
28086,O'Brien,Nott'm Forest,Crystal Palace,Away,2,38,2023-05-28T15:30:00Z
28087,Lingard,Nott'm Forest,Crystal Palace,Away,2,38,2023-05-28T15:30:00Z
28088,Mangala,Nott'm Forest,Crystal Palace,Away,2,38,2023-05-28T15:30:00Z
28089,Hammond,Nott'm Forest,Crystal Palace,Away,2,38,2023-05-28T15:30:00Z
28090,Freuler,Nott'm Forest,Crystal Palace,Away,2,38,2023-05-28T15:30:00Z
28091,Kouyaté,Nott'm Forest,Crystal Palace,Away,2,38,2023-05-28T15:30:00Z
28092,Dennis,Nott'm Forest,Crystal Palace,Away,2,38,2023-05-28T15:30:00Z
28093,Renan Lodi,Nott'm Forest,Crystal Palace,Away,2,38,2023-05-28T15:30:00Z
28094,Badé,Nott'm Forest,Crystal Palace,Away,2,38,2023-05-28T15:30:00Z
28095,Aurier,Nott'm Forest,Crystal Palace,Away,2,38,2023-05-28T15:30:00Z
28096,Dale Taylor,Nott'm Forest,Crystal Palace,Away,2,38,2023-05-28T15:30:00Z
28097,Smith,Nott'm Forest,Crystal Palace,Away,2,38,2023-05-28T15:30:00Z
28098,Scarpa,Nott'm Forest,Crystal Palace,Away,2,38,2023-05-28T15:30:00Z
28099,Danilo,Nott'm Forest,Crystal Palace,Away,2,38,2023-05-28T15:30:00Z
28100,Navas,Nott'm Forest,Crystal Palace,Away,2,38,2023-05-28T15:30:00Z
28101,Felipe,Nott'm Forest,Crystal Palace,Away,2,38,2023-05-28T15:30:00Z
28102,A.Ayew,Nott'm Forest,Crystal Palace,Away,2,38,2023-05-28T15:30:00Z
28103,G.Shelvey,Nott'm Forest,Crystal Palace,Away,2,38,2023-05-28T15:30:00Z
30456,Maitland-Niles,Southampton,Liverpool,Home,4,38,2023-05-28T15:30:00Z
30457,Lavia,Southampton,Liverpool,Home,4,38,2023-05-28T15:30:00Z
30458,Walcott,Southampton,Liverpool,Home,4,38,2023-05-28T15:30:00Z
30459,McCarthy,Southampton,Liverpool,Home,4,38,2023-05-28T15:30:00Z
30460,Romeu,Southampton,Liverpool,Home,4,38,2023-05-28T15:30:00Z
30461,Redmond,Southampton,Liverpool,Home,4,38,2023-05-28T15:30:00Z
30462,S.Armstrong,Southampton,Liverpool,Home,4,38,2023-05-28T15:30:00Z
30463,Elyounoussi,Southampton,Liverpool,Home,4,38,2023-05-28T15:30:00Z
30464,Ward-Prowse,Southampton,Liverpool,Home,4,38,2023-05-28T15:30:00Z
30465,A.Armstrong,Southampton,Liverpool,Home,4,38,2023-05-28T15:30:00Z
30466,Walker-Peters,Southampton,Liverpool,Home,4,38,2023-05-28T15:30:00Z
30467,Bednarek,Southampton,Liverpool,Home,4,38,2023-05-28T15:30:00Z
30468,Adams,Southampton,Liverpool,Home,4,38,2023-05-28T15:30:00Z
30469,Tella,Southampton,Liverpool,Home,4,38,2023-05-28T15:30:00Z
30470,Lyanco,Southampton,Liverpool,Home,4,38,2023-05-28T15:30:00Z
30471,Valery,Southampton,Liverpool,Home,4,38,2023-05-28T15:30:00Z
30472,Smallbone,Southampton,Liverpool,Home,4,38,2023-05-28T15:30:00Z
30473,Diallo,Southampton,Liverpool,Home,4,38,2023-05-28T15:30:00Z
30474,Perraud,Southampton,Liverpool,Home,4,38,2023-05-28T15:30:00Z
30475,Djenepo,Southampton,Liverpool,Home,4,38,2023-05-28T15:30:00Z
30476,Livramento,Southampton,Liverpool,Home,4,38,2023-05-28T15:30:00Z
30477,Salisu,Southampton,Liverpool,Home,4,38,2023-05-28T15:30:00Z
30478,Lis,Southampton,Liverpool,Home,4,38,2023-05-28T15:30:00Z
30479,Bazunu,Southampton,Liverpool,Home,4,38,2023-05-28T15:30:00Z
30480,Bella-Kotchap,Southampton,Liverpool,Home,4,38,2023-05-28T15:30:00Z
30481,Caballero,Southampton,Liverpool,Home,4,38,2023-05-28T15:30:00Z
30482,Aribo,Southampton,Liverpool,Home,4,38,2023-05-28T15:30:00Z
30483,Mara,Southampton,Liverpool,Home,4,38,2023-05-28T15:30:00Z
30484,Larios,Southampton,Liverpool,Home,4,38,2023-05-28T15:30:00Z
30485,Caleta-Car,Southampton,Liverpool,Home,4,38,2023-05-28T15:30:00Z
30486,Edozie,Southampton,Liverpool,Home,4,38,2023-05-28T15:30:00Z
30487,Payne,Southampton,Liverpool,Home,4,38,2023-05-28T15:30:00Z
30488,Finnigan,Southampton,Liverpool,Home,4,38,2023-05-28T15:30:00Z
30489,Morgan,Southampton,Liverpool,Home,4,38,2023-05-28T15:30:00Z
30490,Orsic,Southampton,Liverpool,Home,4,38,2023-05-28T15:30:00Z
30491,Alcaraz,Southampton,Liverpool,Home,4,38,2023-05-28T15:30:00Z
30492,Bree,Southampton,Liverpool,Home,4,38,2023-05-28T15:30:00Z
30493,Kamaldeen,Southampton,Liverpool,Home,4,38,2023-05-28T15:30:00Z
30494,Onuachu,Southampton,Liverpool,Home,4,38,2023-05-28T15:30:00Z
30495,Doyle,Southampton,Liverpool,Home,4,38,2023-05-28T15:30:00Z
30496,Ballard,Southampton,Liverpool,Home,4,38,2023-05-28T15:30:00Z
32137,Lloris,Spurs,Leeds,Away,2,38,2023-05-28T15:30:00Z
32138,Forster,Spurs,Leeds,Away,2,38,2023-05-28T15:30:00Z
32139,Kane,Spurs,Leeds,Away,2,38,2023-05-28T15:30:00Z
32140,Son,Spurs,Leeds,Away,2,38,2023-05-28T15:30:00Z
32141,Doherty,Spurs,Leeds,Away,2,38,2023-05-28T15:30:00Z
32142,Dier,Spurs,Leeds,Away,2,38,2023-05-28T15:30:00Z
32143,Lucas Moura,Spurs,Leeds,Away,2,38,2023-05-28T15:30:00Z
32144,Davies,Spurs,Leeds,Away,2,38,2023-05-28T15:30:00Z
32145,Højbjerg,Spurs,Leeds,Away,2,38,2023-05-28T15:30:00Z
32146,Winks,Spurs,Leeds,Away,2,38,2023-05-28T15:30:00Z
32147,Sánchez,Spurs,Leeds,Away,2,38,2023-05-28T15:30:00Z
32148,R.Sessegnon,Spurs,Leeds,Away,2,38,2023-05-28T15:30:00Z
32149,Bergwijn,Spurs,Leeds,Away,2,38,2023-05-28T15:30:00Z
32150,Reguilón,Spurs,Leeds,Away,2,38,2023-05-28T15:30:00Z
32151,Tanganga,Spurs,Leeds,Away,2,38,2023-05-28T15:30:00Z
32152,Bentancur,Spurs,Leeds,Away,2,38,2023-05-28T15:30:00Z
32153,Skipp,Spurs,Leeds,Away,2,38,2023-05-28T15:30:00Z
32154,Rodon,Spurs,Leeds,Away,2,38,2023-05-28T15:30:00Z
32155,Romero,Spurs,Leeds,Away,2,38,2023-05-28T15:30:00Z
32156,Bissouma,Spurs,Leeds,Away,2,38,2023-05-28T15:30:00Z
32157,Emerson Royal,Spurs,Leeds,Away,2,38,2023-05-28T15:30:00Z
32158,Kulusevski,Spurs,Leeds,Away,2,38,2023-05-28T15:30:00Z
32159,Scarlett,Spurs,Leeds,Away,2,38,2023-05-28T15:30:00Z
32160,Perišić,Spurs,Leeds,Away,2,38,2023-05-28T15:30:00Z
32161,White,Spurs,Leeds,Away,2,38,2023-05-28T15:30:00Z
32162,Sarr,Spurs,Leeds,Away,2,38,2023-05-28T15:30:00Z
32163,Austin,Spurs,Leeds,Away,2,38,2023-05-28T15:30:00Z
32164,Devine,Spurs,Leeds,Away,2,38,2023-05-28T15:30:00Z
32165,Parrott,Spurs,Leeds,Away,2,38,2023-05-28T15:30:00Z
32166,Richarlison,Spurs,Leeds,Away,2,38,2023-05-28T15:30:00Z
32167,Lenglet,Spurs,Leeds,Away,2,38,2023-05-28T15:30:00Z
32168,Spence,Spurs,Leeds,Away,2,38,2023-05-28T15:30:00Z
32169,Bryan,Spurs,Leeds,Away,2,38,2023-05-28T15:30:00Z
32170,Danjuma,Spurs,Leeds,Away,2,38,2023-05-28T15:30:00Z
32171,Pedro Porro,Spurs,Leeds,Away,2,38,2023-05-28T15:30:00Z
32172,Mundle,Spurs,Leeds,Away,2,38,2023-05-28T15:30:00Z
32173,Abbott,Spurs,Leeds,Away,2,38,2023-05-28T15:30:00Z
32174,Craig,Spurs,Leeds,Away,2,38,2023-05-28T15:30:00Z
33581,Ings,West Ham,Leicester,Away,3,38,2023-05-28T15:30:00Z
33582,Fabianski,West Ham,Leicester,Away,3,38,2023-05-28T15:30:00Z
33583,Ogbonna,West Ham,Leicester,Away,3,38,2023-05-28T15:30:00Z
33584,Cresswell,West Ham,Leicester,Away,3,38,2023-05-28T15:30:00Z
33585,Antonio,West Ham,Leicester,Away,3,38,2023-05-28T15:30:00Z
33586,Lanzini,West Ham,Leicester,Away,3,38,2023-05-28T15:30:00Z
33587,Zouma,West Ham,Leicester,Away,3,38,2023-05-28T15:30:00Z
33588,Masuaku,West Ham,Leicester,Away,3,38,2023-05-28T15:30:00Z
33589,Coufal,West Ham,Leicester,Away,3,38,2023-05-28T15:30:00Z
33590,Benrahma,West Ham,Leicester,Away,3,38,2023-05-28T15:30:00Z
33591,Bowen,West Ham,Leicester,Away,3,38,2023-05-28T15:30:00Z
33592,Vlasic,West Ham,Leicester,Away,3,38,2023-05-28T15:30:00Z
33593,Rice,West Ham,Leicester,Away,3,38,2023-05-28T15:30:00Z
33594,Soucek,West Ham,Leicester,Away,3,38,2023-05-28T15:30:00Z
33595,Fornals,West Ham,Leicester,Away,3,38,2023-05-28T15:30:00Z
33596,Johnson,West Ham,Leicester,Away,3,38,2023-05-28T15:30:00Z
33597,Aguerd,West Ham,Leicester,Away,3,38,2023-05-28T15:30:00Z
33598,Areola,West Ham,Leicester,Away,3,38,2023-05-28T15:30:00Z
33599,Downes,West Ham,Leicester,Away,3,38,2023-05-28T15:30:00Z
33600,Scamacca,West Ham,Leicester,Away,3,38,2023-05-28T15:30:00Z
33601,Emerson,West Ham,Leicester,Away,3,38,2023-05-28T15:30:00Z
33602,Coventry,West Ham,Leicester,Away,3,38,2023-05-28T15:30:00Z
33603,Oko-Flex,West Ham,Leicester,Away,3,38,2023-05-28T15:30:00Z
33604,Cornet,West Ham,Leicester,Away,3,38,2023-05-28T15:30:00Z
33605,Kehrer,West Ham,Leicester,Away,3,38,2023-05-28T15:30:00Z
33606,Paquetá,West Ham,Leicester,Away,3,38,2023-05-28T15:30:00Z
33607,Mubama,West Ham,Leicester,Away,3,38,2023-05-28T15:30:00Z
33608,Anang,West Ham,Leicester,Away,3,38,2023-05-28T15:30:00Z
33609,Hegyi,West Ham,Leicester,Away,3,38,2023-05-28T15:30:00Z
33610,Casey,West Ham,Leicester,Away,3,38,2023-05-28T15:30:00Z
34481,Dawson,Wolves,Arsenal,Away,4,38,2023-05-28T15:30:00Z
34482,Jiménez,Wolves,Arsenal,Away,4,38,2023-05-28T15:30:00Z
34483,Jonny,Wolves,Arsenal,Away,4,38,2023-05-28T15:30:00Z
34484,Sá,Wolves,Arsenal,Away,4,38,2023-05-28T15:30:00Z
34485,Neves,Wolves,Arsenal,Away,4,38,2023-05-28T15:30:00Z
34486,Hwang,Wolves,Arsenal,Away,4,38,2023-05-28T15:30:00Z
34487,Semedo,Wolves,Arsenal,Away,4,38,2023-05-28T15:30:00Z
34488,Podence,Wolves,Arsenal,Away,4,38,2023-05-28T15:30:00Z
34489,Kilman,Wolves,Arsenal,Away,4,38,2023-05-28T15:30:00Z
34490,Cundle,Wolves,Arsenal,Away,4,38,2023-05-28T15:30:00Z
34491,Neto,Wolves,Arsenal,Away,4,38,2023-05-28T15:30:00Z
34492,Aït-Nouri,Wolves,Arsenal,Away,4,38,2023-05-28T15:30:00Z
34493,Fabio Silva,Wolves,Arsenal,Away,4,38,2023-05-28T15:30:00Z
34494,Toti,Wolves,Arsenal,Away,4,38,2023-05-28T15:30:00Z
34495,Chiquinho,Wolves,Arsenal,Away,4,38,2023-05-28T15:30:00Z
34496,Adama,Wolves,Arsenal,Away,4,38,2023-05-28T15:30:00Z
34497,Šarkić,Wolves,Arsenal,Away,4,38,2023-05-28T15:30:00Z
34498,Mosquera,Wolves,Arsenal,Away,4,38,2023-05-28T15:30:00Z
34499,Moutinho,Wolves,Arsenal,Away,4,38,2023-05-28T15:30:00Z
34500,Collins,Wolves,Arsenal,Away,4,38,2023-05-28T15:30:00Z
34501,Smith,Wolves,Arsenal,Away,4,38,2023-05-28T15:30:00Z
34502,Bueno,Wolves,Arsenal,Away,4,38,2023-05-28T15:30:00Z
34503,Hodge,Wolves,Arsenal,Away,4,38,2023-05-28T15:30:00Z
34504,Ronan,Wolves,Arsenal,Away,4,38,2023-05-28T15:30:00Z
34505,Campbell,Wolves,Arsenal,Away,4,38,2023-05-28T15:30:00Z
34506,Guedes,Wolves,Arsenal,Away,4,38,2023-05-28T15:30:00Z
34507,Matheus,Wolves,Arsenal,Away,4,38,2023-05-28T15:30:00Z
34508,Kalajdžić,Wolves,Arsenal,Away,4,38,2023-05-28T15:30:00Z
34509,Diego Costa,Wolves,Arsenal,Away,4,38,2023-05-28T15:30:00Z
34510,Traoré,Wolves,Arsenal,Away,4,38,2023-05-28T15:30:00Z
34511,Fraser,Wolves,Arsenal,Away,4,38,2023-05-28T15:30:00Z
34512,Griffiths,Wolves,Arsenal,Away,4,38,2023-05-28T15:30:00Z
34513,Lembikisa,Wolves,Arsenal,Away,4,38,2023-05-28T15:30:00Z
34514,Cunha,Wolves,Arsenal,Away,4,38,2023-05-28T15:30:00Z
34515,Lemina,Wolves,Arsenal,Away,4,38,2023-05-28T15:30:00Z
34516,Sarabia,Wolves,Arsenal,Away,4,38,2023-05-28T15:30:00Z
34517,Bentley,Wolves,Arsenal,Away,4,38,2023-05-28T15:30:00Z
34518,João Gomes,Wolves,Arsenal,Away,4,38,2023-05-28T15:30:00Z
